{"ID":"hoge","estimated":{"accuracy":0.11191346971293939,"improvement":2.9892264724585096,"fixed":"1500.0p-700.0v=0.276152","tau":0.5},"fixed_at":"2019-04-29T09:00:00+09:00","win":1,"lose":0,"draw":0}
